Domain ID (level 1),Domain Title (level 1),Category ID (level 2),Category Title (level 2),Sub Category ID (level 3),Sub Category Title (level 3),,,,,,
714,Writing and Drawing Tools,1581,White Boards,1626,Erase board,,,,,,
714,Writing and Drawing Tools,1581,White Boards,1660,Plaid fold board,,,,,,
714,Writing and Drawing Tools,1581,White Boards,1661,Planing whiteboards,,,,,,
714,Writing and Drawing Tools,1581,White Boards,1582,White board,,,,,,
714,Writing and Drawing Tools,1581,White Boards,2640,Whiteboard Reminders,,,,,,
714,Writing and Drawing Tools,1581,White Boards,1690,Whiteboards and Corkboards,,,,,,
714,Writing and Drawing Tools,1627,Marker Pen,1628,Marker pen for white board,,,,,,
714,Writing and Drawing Tools,1691,Pen,2562, Pen and pencils for Computer,,,,,,
714,Writing and Drawing Tools,1691,Pen,2564, Tablet and Smartphone,,,,,,
714,Writing and Drawing Tools,1691,Pen,2563, i-pad,,,,,,
714,Writing and Drawing Tools,1691,Pen,1720,"Pen and pencils for Computer, i-pad, Tablet and Smartphone",,,,,,
714,Writing and Drawing Tools,1691,Pen,1692,Pen,,,,,,
714,Writing and Drawing Tools,1691,Pen,2561,Pen,,,,,,
714,Writing and Drawing Tools,1756,Scan Writers,1757,Scan Writers,,,,,,
714,Writing and Drawing Tools,1682,Graph Papers,1684,Calculation Blocks,,,,,,
714,Writing and Drawing Tools,1682,Graph Papers,1683,Math Graph Papers,,,,,,
714,Writing and Drawing Tools,1682,Graph Papers,2478,Math Graph Papers,,,,,,
714,Writing and Drawing Tools,1286,Pencil Holders,1287,Pencil holder,,,,,,
760,"Reminders, Alarms and Indicators",1200,Food Thermometers,2595, voice output cooking thermometer,,,,,,
760,"Reminders, Alarms and Indicators",1200,Food Thermometers,1201,Food Thermometers,,,,,,
760,"Reminders, Alarms and Indicators",1200,Food Thermometers,2594,tactile cooking thermometer,,,,,,
760,"Reminders, Alarms and Indicators",1135,Alarms,1136,Alarms,,,,,,
760,"Reminders, Alarms and Indicators",1135,Alarms,1524,Clocks and calenders alarms,,,,,,
760,"Reminders, Alarms and Indicators",1135,Alarms,1674,Motion detector,,,,,,
760,"Reminders, Alarms and Indicators",1135,Alarms,1137,Stove alarm,,,,,,
760,"Reminders, Alarms and Indicators",1135,Alarms,1525,Wearable alarms,,,,,,
760,"Reminders, Alarms and Indicators",1243,Level Indicators,2140, voice output liquid measure,,,,,,
760,"Reminders, Alarms and Indicators",1243,Level Indicators,1244,Level indicator,,,,,,
760,"Reminders, Alarms and Indicators",1243,Level Indicators,2139,audible liquid level indicator,,,,,,
760,"Reminders, Alarms and Indicators",1362,Timers,1679,Digital Timers,,,,,,
760,"Reminders, Alarms and Indicators",1362,Timers,1363,Egg timer,,,,,,
760,"Reminders, Alarms and Indicators",1362,Timers,1591,Liquid Timer,,,,,,
760,"Reminders, Alarms and Indicators",1362,Timers,1365,Manual Timers,,,,,,
760,"Reminders, Alarms and Indicators",1362,Timers,1364,Noodle timer,,,,,,
760,"Reminders, Alarms and Indicators",1305,Reminders,1498,Automatic Clocks and calenders,,,,,,
760,"Reminders, Alarms and Indicators",1305,Reminders,1306,Reminder,,,,,,
760,"Reminders, Alarms and Indicators",1305,Reminders,1497,Wearable alarms,,,,,,
760,"Reminders, Alarms and Indicators",1396,Water Thermometers,1421,Bath Thermometer,,,,,,
679,Stair Supports,1886,Steps,1511,Steps,,,,,,
679,Stair Supports,2021,Access Stairs,2587, access stairs for sink,,,,,,
679,Stair Supports,2021,Access Stairs,2588, bed access stairs,,,,,,
679,Stair Supports,2021,Access Stairs,2586,shower ramp,,,,,,
698,Magnifying Devices,1248,Magnifiers,1485,Magnifier glass,,,,,,
698,Magnifying Devices,1248,Magnifiers,1249,Magnifier,,,,,,
698,Magnifying Devices,1248,Magnifiers,1486,Video magnifiers,,,,,,
698,Magnifying Devices,1248,Magnifiers,2472,magnifying lens for medication bottle,,,,,,
446,Mobility Accessories,1972,Umbrellas,2626,umbrellas with light,,,,,,
956,Animal Care,1409,Pet Feeders,1435,Pet feeder,,,,,,
956,Animal Care,2003,Pet Care Reminders,2566,Pet Care Reminders,,,,,,
956,Animal Care,2004,Litter Box Cleaning Aids,2452,Litter Box Cleaning Aids,,,,,,
386,Bathing and Showering Aids,1883,Inflatable Adult Bathtub,1884,Inflatable Adult Bathtub,,,,,,
386,Bathing and Showering Aids,1798,Bathtub Shelves,1799,Bathtub Shelves,,,,,,
386,Bathing and Showering Aids,1958,Handshowers,2396, handshower wall hanger,,,,,,
386,Bathing and Showering Aids,1958,Handshowers,2397, handshower with faucet fitting,,,,,,
386,Bathing and Showering Aids,1958,Handshowers,2398, handshower with flexible hose,,,,,,
386,Bathing and Showering Aids,1958,Handshowers,2399, handshower with soap dispenser,,,,,,
386,Bathing and Showering Aids,1958,Handshowers,2401, holders for handshower,,,,,,
386,Bathing and Showering Aids,1958,Handshowers,2400, showerhead on adjustable arm,,,,,,
386,Bathing and Showering Aids,1958,Handshowers,2395,handshower on adjustable bar,,,,,,
386,Bathing and Showering Aids,1391,Back Support for Bath,1416,Back support for bath,,,,,,
386,Bathing and Showering Aids,1957,Flood Guards,2165, water damm for shower,,,,,,
386,Bathing and Showering Aids,1957,Flood Guards,2163, water flow control,,,,,,
386,Bathing and Showering Aids,1957,Flood Guards,2164, water temperature control,,,,,,
386,Bathing and Showering Aids,1957,Flood Guards,2162,bathroom flood alarm,,,,,,
386,Bathing and Showering Aids,1959,Inserts and Shortners,2045,Bathtub Shortener,,,,,,
386,Bathing and Showering Aids,1959,Inserts and Shortners,2167,bathtub insert,,,,,,
386,Bathing and Showering Aids,1959,Inserts and Shortners,2168,support frame for bathtub insert,,,,,,
386,Bathing and Showering Aids,1865,Portable Shower Arm Mount,1866,Portable Shower Arm Mount,,,,,,
386,Bathing and Showering Aids,1960,Shampooing Aids,2580, shampoo basin,,,,,,
386,Bathing and Showering Aids,1960,Shampooing Aids,2579,shampoo dispenser,,,,,,
386,Bathing and Showering Aids,1961,Special Bathtubs and Showers,2176, bed shower,,,,,,
386,Bathing and Showering Aids,1961,Special Bathtubs and Showers,2171, cushioned bathtub,,,,,,
386,Bathing and Showering Aids,1961,Special Bathtubs and Showers,2172, elevated bathtub,,,,,,
386,Bathing and Showering Aids,1961,Special Bathtubs and Showers,2173, inflatable bathtub,,,,,,
386,Bathing and Showering Aids,1961,Special Bathtubs and Showers,2174, portable bathtub,,,,,,
386,Bathing and Showering Aids,1961,Special Bathtubs and Showers,2177, roll in shower,,,,,,
386,Bathing and Showering Aids,1961,Special Bathtubs and Showers,2175, walk in bathtub,,,,,,
386,Bathing and Showering Aids,1961,Special Bathtubs and Showers,2170,bathtub trolley,,,,,,
386,Bathing and Showering Aids,1962,Towels Bars and Stands,2623,Towels Bars and Stands,,,,,,
386,Bathing and Showering Aids,1954,Bathing Supports and Stabilisers,2042,Sidewall Cushion,,,,,,
386,Bathing and Showering Aids,2043,Bathtub Slings,2169,Bathtub Slings,,,,,,
386,Bathing and Showering Aids,1955,Bathtub Splash Guards and Panels,2301, Bathtub Splash Guards,,,,,,
386,Bathing and Showering Aids,1955,Bathtub Splash Guards and Panels,2302, Panels,,,,,,
386,Bathing and Showering Aids,1955,Bathtub Splash Guards and Panels,2300,Curtain sealer,,,,,,
386,Bathing and Showering Aids,1956,Bathroom Caddy,2161,Bathroom Caddy,,,,,,
565,Eating and Drinking Aids,1984,Food Holders,2593, jar holder,,,,,,
565,Eating and Drinking Aids,1984,Food Holders,2592, sandwich holder,,,,,,
565,Eating and Drinking Aids,1984,Food Holders,1187,Egg Cups,,,,,,
565,Eating and Drinking Aids,1984,Food Holders,2591,taco holder,,,,,,
565,Eating and Drinking Aids,1309,Salt and Pepper Shakers,1310,Salt and pepper shakers,,,,,,
565,Eating and Drinking Aids,1983,Feeding Aids,2373, feeding tube holder,,,,,,
565,Eating and Drinking Aids,1983,Feeding Aids,1475,Feeding apparatus,,,,,,
565,Eating and Drinking Aids,1983,Feeding Aids,2372,feeding bottle,,,,,,
565,Eating and Drinking Aids,1987,Juicers,2251,citrus reamer,,,,,,
565,Eating and Drinking Aids,1986,Ice Trays,2342,easy release ice tray,,,,,,
565,Eating and Drinking Aids,1185,Eating kits,1635,Eating Kit with Non-Slip,,,,,,
565,Eating and Drinking Aids,1185,Eating kits,1186,Eating kit,,,,,,
565,Eating and Drinking Aids,1185,Eating kits,1476,Eating set,,,,,,
565,Eating and Drinking Aids,1185,Eating kits,1477,Keep warm set,,,,,,
565,Eating and Drinking Aids,1185,Eating kits,2633,wheelchair dining platform,,,,,,
565,Eating and Drinking Aids,1985,Drinking Holders and Systems,2341, can holder,,,,,,
565,Eating and Drinking Aids,1985,Drinking Holders and Systems,2338, hands free drinking system,,,,,,
565,Eating and Drinking Aids,1985,Drinking Holders and Systems,2339, pressurized drinking system,,,,,,
565,Eating and Drinking Aids,1985,Drinking Holders and Systems,2340, wheelchair drink holder,,,,,,
565,Eating and Drinking Aids,1985,Drinking Holders and Systems,2337,drink container for wheelchair with long straw,,,,,,
565,Eating and Drinking Aids,1196,Food Guards,1197,Food guard,,,,,,
555,Cooking Tools and Utensils,1252,Mashers,1253,Mashers,,,,,,
555,Cooking Tools and Utensils,1378,Whisks and Brushes,1522,Automatic whisk,,,,,,
555,Cooking Tools and Utensils,1378,Whisks and Brushes,1523,Whisk,,,,,,
555,Cooking Tools and Utensils,1378,Whisks and Brushes,2160,basting brush,,,,,,
555,Cooking Tools and Utensils,1980,Corkscrews,2287,Corkscrews,,,,,,
555,Cooking Tools and Utensils,1336,Spatulas,1510,Ergonomic spatula,,,,,,
555,Cooking Tools and Utensils,1336,Spatulas,1508,Good grip spatula,,,,,,
555,Cooking Tools and Utensils,1336,Spatulas,1337,Kitchen spatula,,,,,,
555,Cooking Tools and Utensils,1336,Spatulas,1509,Wooden spatula,,,,,,
555,Cooking Tools and Utensils,1535,Pots,1536,Casserole pot,,,,,,
555,Cooking Tools and Utensils,1535,Pots,1297,Pot Covers,,,,,,
555,Cooking Tools and Utensils,1535,Pots,2567,Pots,,,,,,
555,Cooking Tools and Utensils,1278,Pans,2284, electric skillet,,,,,,
555,Cooking Tools and Utensils,1278,Pans,2285, pan lifter,,,,,,
555,Cooking Tools and Utensils,1278,Pans,1279,Frying pan,,,,,,
555,Cooking Tools and Utensils,1278,Pans,1490,One handled pan,,,,,,
555,Cooking Tools and Utensils,1278,Pans,1275,Pan handle holders,,,,,,
555,Cooking Tools and Utensils,1278,Pans,1280,Pan,,,,,,
555,Cooking Tools and Utensils,1278,Pans,1281,Saucepans,,,,,,
555,Cooking Tools and Utensils,1278,Pans,1489,Two handled pans,,,,,,
555,Cooking Tools and Utensils,1278,Pans,2283,cooking pan with automatic stirring,,,,,,
555,Cooking Tools and Utensils,1366,Tongs,1367,Kitchen tongs,,,,,,
555,Cooking Tools and Utensils,1350,Strainers,2555, powered sifters,,,,,,
555,Cooking Tools and Utensils,1350,Strainers,1353,Colander,,,,,,
555,Cooking Tools and Utensils,1350,Strainers,1513,Cooking strainer,,,,,,
555,Cooking Tools and Utensils,1350,Strainers,1351,Sieve,,,,,,
555,Cooking Tools and Utensils,1350,Strainers,1514,Sink/bath strainer,,,,,,
555,Cooking Tools and Utensils,1350,Strainers,1352,Strainer,,,,,,
555,Cooking Tools and Utensils,1350,Strainers,2554,one hand strainer,,,,,,
555,Cooking Tools and Utensils,1981,Funnels,2548, Funnels,,,,,,
555,Cooking Tools and Utensils,1981,Funnels,2547,no spil funnel,,,,,,
556,Cooking Units,1230,Induction Hobs,1231,Induction hobs,,,,,,
763,Calendars and Diaries,1820,Diaries,1821,Day Planner,,,,,,
763,Calendars and Diaries,1820,Diaries,2306,Diaries,,,,,,
763,Calendars and Diaries,1818,Calendars and Timetables,2185, large print calendar,,,,,,
763,Calendars and Diaries,1818,Calendars and Timetables,2186, tactile calendar,,,,,,
763,Calendars and Diaries,1818,Calendars and Timetables,2187, voice output calendar,,,,,,
763,Calendars and Diaries,1818,Calendars and Timetables,1819,Calendars and Timetables,,,,,,
763,Calendars and Diaries,1818,Calendars and Timetables,2184,braille calendar,,,,,,
570,"Cups, Mugs and Glasses",1354,Straws,2647,Straw holder,,,,,,
570,"Cups, Mugs and Glasses",1354,Straws,1355,Straw,,,,,,
570,"Cups, Mugs and Glasses",1156,"Cups, Mugs & Glasses",1157,Cup,,,,,,
570,"Cups, Mugs and Glasses",1156,"Cups, Mugs & Glasses",1158,Cups and mugs with parent,,,,,,
570,"Cups, Mugs and Glasses",1156,"Cups, Mugs & Glasses",2642,Cups with regulated flow,,,,,,
570,"Cups, Mugs and Glasses",1156,"Cups, Mugs & Glasses",1457,Double handled mug,,,,,,
570,"Cups, Mugs and Glasses",1156,"Cups, Mugs & Glasses",2649,Drinking Lid,,,,,,
570,"Cups, Mugs and Glasses",1156,"Cups, Mugs & Glasses",1527,Easy grip mug,,,,,,
570,"Cups, Mugs and Glasses",1156,"Cups, Mugs & Glasses",1208,Glass and carafe,,,,,,
570,"Cups, Mugs and Glasses",1156,"Cups, Mugs & Glasses",2650,Hydration System,,,,,,
570,"Cups, Mugs and Glasses",1156,"Cups, Mugs & Glasses",1455,Lite cup,,,,,,
570,"Cups, Mugs and Glasses",1156,"Cups, Mugs & Glasses",1159,Mug,,,,,,
570,"Cups, Mugs and Glasses",1156,"Cups, Mugs & Glasses",1454,Non spill cup,,,,,,
570,"Cups, Mugs and Glasses",1156,"Cups, Mugs & Glasses",1526,Nose cut up cup,,,,,,
570,"Cups, Mugs and Glasses",1156,"Cups, Mugs & Glasses",2294,T handle cup,,,,,,
570,"Cups, Mugs and Glasses",1156,"Cups, Mugs & Glasses",1456,Thermo Mug,,,,,,
570,"Cups, Mugs and Glasses",1156,"Cups, Mugs & Glasses",2645,Thumbs-Up Cup,,,,,,
570,"Cups, Mugs and Glasses",1156,"Cups, Mugs & Glasses",1458,Wine glases,,,,,,
570,"Cups, Mugs and Glasses",1156,"Cups, Mugs & Glasses",2290,cup with adjustable handle,,,,,,
570,"Cups, Mugs and Glasses",1156,"Cups, Mugs & Glasses",2291,cup with finger grips,,,,,,
570,"Cups, Mugs and Glasses",1156,"Cups, Mugs & Glasses",2295,glass with built in straw,,,,,,
570,"Cups, Mugs and Glasses",1156,"Cups, Mugs & Glasses",2296,glass with holder and lid,,,,,,
570,"Cups, Mugs and Glasses",1156,"Cups, Mugs & Glasses",2298,glass with lid and spout,,,,,,
570,"Cups, Mugs and Glasses",1156,"Cups, Mugs & Glasses",2297,glass with lid,,,,,,
570,"Cups, Mugs and Glasses",1156,"Cups, Mugs & Glasses",2299,glass with pill holder,,,,,,
570,"Cups, Mugs and Glasses",1156,"Cups, Mugs & Glasses",2292,gravity assisted cup,,,,,,
570,"Cups, Mugs and Glasses",1156,"Cups, Mugs & Glasses",2293,pedestal cup,,,,,,
570,"Cups, Mugs and Glasses",1444,Cup Holders,2072, beverage can handle,,,,,,
570,"Cups, Mugs and Glasses",1444,Cup Holders,2073, bottle handle,,,,,,
570,"Cups, Mugs and Glasses",1444,Cup Holders,2067, clip on glass holder,,,,,,
570,"Cups, Mugs and Glasses",1444,Cup Holders,2068, detachable handle,,,,,,
570,"Cups, Mugs and Glasses",1444,Cup Holders,2069, lazy susan glass holder,,,,,,
570,"Cups, Mugs and Glasses",1444,Cup Holders,2070, no tip glass holder,,,,,,
570,"Cups, Mugs and Glasses",1444,Cup Holders,2071, tilting glass holder,,,,,,
570,"Cups, Mugs and Glasses",1444,Cup Holders,1445,Cup Holder,,,,,,
570,"Cups, Mugs and Glasses",1444,Cup Holders,2066,adjustable glass holder,,,,,,
570,"Cups, Mugs and Glasses",1678,Cup Warmers,1459,Cup warmer,,,,,,
551,Food Preparation Tools,1346,Splitters,1347,Apple and pear splitter,,,,,,
551,Food Preparation Tools,1325,Slicers and Cutters,2159, melon baller,,,,,,
551,Food Preparation Tools,1325,Slicers and Cutters,1326,Cheese slicer,,,,,,
551,Food Preparation Tools,1325,Slicers and Cutters,1327,Egg slicer,,,,,,
551,Food Preparation Tools,1325,Slicers and Cutters,1504,Ergonomic cheese slicer,,,,,,
551,Food Preparation Tools,1325,Slicers and Cutters,1505,Good grip cheese slicer,,,,,,
551,Food Preparation Tools,1325,Slicers and Cutters,1328,Green been slicer,,,,,,
551,Food Preparation Tools,1325,Slicers and Cutters,1329,Herb cutter,,,,,,
551,Food Preparation Tools,1325,Slicers and Cutters,1330,Mushroom slicer,,,,,,
551,Food Preparation Tools,1325,Slicers and Cutters,1331,Onion cutter,,,,,,
551,Food Preparation Tools,1325,Slicers and Cutters,1332,Pizza slicer,,,,,,
551,Food Preparation Tools,1325,Slicers and Cutters,1333,Vegetable slicer,,,,,,
551,Food Preparation Tools,1325,Slicers and Cutters,2158,bagel slicer,,,,,,
551,Food Preparation Tools,1374,Vegetable Dryers,1375,Salad dryer,,,,,,
551,Food Preparation Tools,1374,Vegetable Dryers,1520,Single press vegatable dryer,,,,,,
551,Food Preparation Tools,1374,Vegetable Dryers,1521,Vegetable dryer,,,,,,
551,Food Preparation Tools,1168,Cutting Boards and Fixators,1169,Bread cutting board,,,,,,
551,Food Preparation Tools,1168,Cutting Boards and Fixators,1171,Chopping board with knife,,,,,,
551,Food Preparation Tools,1168,Cutting Boards and Fixators,1170,Chopping board,,,,,,
551,Food Preparation Tools,1168,Cutting Boards and Fixators,1897,Cutting boards and fixators,,,,,,
551,Food Preparation Tools,1168,Cutting Boards and Fixators,1172,Cutting boards with fixations,,,,,,
551,Food Preparation Tools,1168,Cutting Boards and Fixators,1173,Cutting mat,,,,,,
551,Food Preparation Tools,1168,Cutting Boards and Fixators,1174,Extra tall cutting board,,,,,,
551,Food Preparation Tools,1372,Vegetable Brushes,1519,Fixed vegetables brush,,,,,,
551,Food Preparation Tools,1372,Vegetable Brushes,1373,Vegetable brush,,,,,,
551,Food Preparation Tools,1282,Peelers,1491,Automatic peelers,,,,,,
551,Food Preparation Tools,1282,Peelers,1492,Manual peelers,684,685,749,845,,
551,Food Preparation Tools,1282,Peelers,1284,Peeler and clamp,,,,,,
551,Food Preparation Tools,1282,Peelers,1283,Peeler,,,,,,
551,Food Preparation Tools,1282,Peelers,1285,Peeling machine,,,,,,
551,Food Preparation Tools,1282,Peelers,2390,garlic peeler,,,,,,
551,Food Preparation Tools,1146,Choppers,1147,Auto chopper,,,,,,
551,Food Preparation Tools,1146,Choppers,1148,Garlic chopper,,,,,,
551,Food Preparation Tools,1146,Choppers,1149,Mandolin slicer,,,,,,
551,Food Preparation Tools,1146,Choppers,1450,Manual chopper,,,,,,
551,Food Preparation Tools,1209,Graters,1452,Automatic grater,,,,,,
551,Food Preparation Tools,1209,Graters,1211,Grater and fixator,,,,,,
551,Food Preparation Tools,1209,Graters,1210,Manual grater,,,,,,
551,Food Preparation Tools,1380,Zesters,1381,Lemon zester,,,,,,
551,Food Preparation Tools,1175,Cutting Machines,1176,Cutting machine,,,,,,
551,Food Preparation Tools,1212,Grinders and Mills,1213,Pepper grinder,,,,,,
551,Food Preparation Tools,1212,Grinders and Mills,1214,Salt & pepper mill,,,,,,
551,Food Preparation Tools,1212,Grinders and Mills,1215,Salt and pepper crushing machine,,,,,,
551,Food Preparation Tools,1212,Grinders and Mills,1216,Salt and pepper grinder,,,,,,
551,Food Preparation Tools,1212,Grinders and Mills,1217,Salt and pepper grinders and mills,,,,,,
551,Food Preparation Tools,1212,Grinders and Mills,1218,Salt grinder,,,,,,
551,Food Preparation Tools,1198,Food Scissors,1199,Poultry scissors,,,,,,
591,Scissors,1311,Scissors,1500,Cutters,,,,,,
591,Scissors,1311,Scissors,1502,Dual handeled scissors,,,,,,
591,Scissors,1311,Scissors,1501,Rolling Scissors,,,,,,
591,Scissors,1311,Scissors,1312,Scissors,,,,,,
591,Scissors,1311,Scissors,1503,Table top scissors,,,,,,
591,Scissors,1311,Scissors,1499,self opening scissors,,,,,,
58,Sensory Products,1594,Weighted Blankets,1596,Weighted blanket Cover,,,,,,
58,Sensory Products,1594,Weighted Blankets,1595,Weighted blanket,,,,,,
58,Sensory Products,1643,Fidget Toys,1644,Fidget cube,,,,,,
58,Sensory Products,1652,Stimulating Lights,1653,Bubble Tube,,,,,,
58,Sensory Products,1652,Stimulating Lights,1576,Color changing panels,,,,,,
58,Sensory Products,1585,Massagers,1586,Massager,,,,,,
58,Sensory Products,1927,Pressure Wrap Garments,2392, pressure glove,,,,,,
58,Sensory Products,1927,Pressure Wrap Garments,2391,gel for use with pressure garments,,,,,,
58,Sensory Products,1646,Sensory Integration Products,1645,Pressure vests,,,,,,
58,Sensory Products,1646,Sensory Integration Products,1663,Solar effect cassette,,,,,,
58,Sensory Products,1646,Sensory Integration Products,1647,Trampoline,,,,,,
840,Non Slip,1267,Non Slip Pads,1268,Non slip for bath and shower,,,,,,
840,Non Slip,1267,Non Slip Pads,1269,Non slip for carpet,,,,,,
840,Non Slip,2008,Safety Tread,2550,non slip stair tread covering,,,,,,
840,Non Slip,1859,Non Slip Rugs,2055,Bathroom Non Slip Rugs,,,,,,
840,Non Slip,1859,Non Slip Rugs,2549,non slip floor covering,,,,,,
840,Non Slip,2007,Safety Grip Socks,2305, Non-Slip Bed Socks,,,,,,
840,Non Slip,2007,Safety Grip Socks,2304,Diabetic Socks,,,,,,
840,Non Slip,2006,Anti Slip Mats,2334, Non slip mat for bath and shower,,,,,,
840,Non Slip,2006,Anti Slip Mats,2335, Non slip mat for carpet,,,,,,
840,Non Slip,2006,Anti Slip Mats,2336, Non slip mat,,,,,,
840,Non Slip,2006,Anti Slip Mats,2333, fall mat,,,,,,
840,Non Slip,2006,Anti Slip Mats,1270,Non slip mat,7507,7508,7509,7510,8101,
840,Non Slip,2006,Anti Slip Mats,2332,dressing mat,,,,,,
866,Thermometers,1360,Thermometers,2149, large print indoor thermometer,,,,,,
866,Thermometers,1360,Thermometers,2150, large print outdoor thermometer,,,,,,
866,Thermometers,1360,Thermometers,2146, large print thermometer,,,,,,
866,Thermometers,1360,Thermometers,2151, tactile indoor thermometer,,,,,,
866,Thermometers,1360,Thermometers,2152, tactile outdoor thermometer,,,,,,
866,Thermometers,1360,Thermometers,2148, voice output thermometer,,,,,,
866,Thermometers,1360,Thermometers,1361,Thermometer,,,,,,
866,Thermometers,1360,Thermometers,2145,audible thermometer,,,,,,
866,Thermometers,1360,Thermometers,2147,tactile thermometer,,,,,,
298,Footwear Aids,1838,Shoelace Aids,1839,Shoelace Aids,,,,,,
298,Footwear Aids,1838,Shoelace Aids,2583,shoelace fastener aid,,,,,,
298,Footwear Aids,1840,Sock Aids,1426,Sock Aids,,,,,,
298,Footwear Aids,1841,Shoe Horn and Bootjack,2582, shoe remover,,,,,,
298,Footwear Aids,1841,Shoe Horn and Bootjack,1442,Shoe horn and bootjack,,,,,,
298,Footwear Aids,1841,Shoe Horn and Bootjack,2581,shoe horn with builtup handle,,,,,,
694,Communication Aids and Devices,1592,Communication Devices,1624,Communicator,,,,,,
694,Communication Aids and Devices,1592,Communication Devices,1593,Go talk,,,,,,
694,Communication Aids and Devices,1592,Communication Devices,1625,Switch,,,,,,
694,Communication Aids and Devices,1654,Visual Boards,1655,Getting dressed board,,,,,,
694,Communication Aids and Devices,1629,Pocket Charts,1630,Pocket chart,,,,,,
348,Personal Hygiene and Skin Care Aids,1395,Lotion Applicators,1420,Lotion applicator,,,,,,
348,Personal Hygiene and Skin Care Aids,1765,Wet Wipes,1766,Wet Wipes,,,,,,
348,Personal Hygiene and Skin Care Aids,1771,Bidets,2590, toilet bidet,,,,,,
348,Personal Hygiene and Skin Care Aids,1771,Bidets,1772,Bidets,,,,,,
348,Personal Hygiene and Skin Care Aids,1771,Bidets,2589,sitz bath,,,,,,
348,Personal Hygiene and Skin Care Aids,1631,Skin Protective Agents,2646,Cuticle cream/oil,,,,,,
348,Personal Hygiene and Skin Care Aids,1631,Skin Protective Agents,1632,Essential oils,,,,,,
348,Personal Hygiene and Skin Care Aids,1946,Foot Operated Toilet Flushing Aid,2380,Foot Operated Toilet Flushing Aid,,,,,,
348,Personal Hygiene and Skin Care Aids,1948,Toilet Paper Aids,2612, toilet paper roll holder for commodes,,,,,,
348,Personal Hygiene and Skin Care Aids,1948,Toilet Paper Aids,2613, toilet paper roll holder with wall grab bar,,,,,,
348,Personal Hygiene and Skin Care Aids,1948,Toilet Paper Aids,2611,toilet paper dispenser,,,,,,
348,Personal Hygiene and Skin Care Aids,1767,Skin Cleansers and Sterilisors,1764,Antibacterial Hand Jel,,,,,,
348,Personal Hygiene and Skin Care Aids,1767,Skin Cleansers and Sterilisors,1768,Skin Cleanser,,,,,,
348,Personal Hygiene and Skin Care Aids,1767,Skin Cleansers and Sterilisors,2546,no rinse shampoo,,,,,,
348,Personal Hygiene and Skin Care Aids,1440,Wipers,1441,Bottom wiper,,,,,,
348,Personal Hygiene and Skin Care Aids,1947,Makeup Aids,2451,lipstick holder,,,,,,
348,Personal Hygiene and Skin Care Aids,1780,Toilet Splash Guards,1777,Toilet Splash Guards,,,,,,
749,Telephoning Aids,2019,Telephone Aids,2631,voice output telephone aid,,,,,,
749,Telephoning Aids,1791,Telephones,1792,Amplified Telephones,,,,,,
749,Telephoning Aids,1791,Telephones,1906,Call Blockers,,,,,,
749,Telephoning Aids,1876,Mobile Phones,1877,Mobile Phones,,,,,,
749,Telephoning Aids,2018,Receiver Holders,2573,Receiver Holders,,,,,,
612,Lights,2002,Lamps,2062, high intensity lamp,,,,,,
612,Lights,2002,Lamps,2063, lamp switch extension lever,,,,,,
612,Lights,2002,Lamps,1656,Working Lights,,,,,,
612,Lights,2002,Lamps,2061,adjustable arm lamp,,,,,,
612,Lights,1245,Lights,1673,Automatic Light,,,,,,
612,Lights,1245,Lights,1246,Lamp,,,,,,
612,Lights,1245,Lights,1247,Light,,,,,,
612,Lights,1245,Lights,1904,Motion Sensor Night Light,,,,,,
612,Lights,1245,Lights,2471,low vision light,,,,,,
612,Lights,2001,Clip on Lights,2252,clip on light for glasses,,,,,,
612,Lights,1583,Projectors,1584,Playing projectors,,,,,,
838,Fixation and Supports,1695,Fixation Products,1696,"Adjust Table Holder for ipads, Tablets and Smart Phones",,,,,,
838,Fixation and Supports,1695,Fixation Products,2052,Fixation Products,,,,,,
838,Fixation and Supports,1685,Book Support and Book Holders,1687,Books Holders,,,,,,
838,Fixation and Supports,1685,Book Support and Book Holders,1686,Books Support,,,,,,
906,Office Administration and Support Equipment,1697,Office Machines,1699,Printers,,,,,,
906,Office Administration and Support Equipment,1697,Office Machines,1698,Scanners,,,,,,
906,Office Administration and Support Equipment,1758,"Organizing, Sorting and Filing Papers",1760,Binders,,,,,,
906,Office Administration and Support Equipment,1758,"Organizing, Sorting and Filing Papers",1759,Expending files,,,,,,
906,Office Administration and Support Equipment,1758,"Organizing, Sorting and Filing Papers",1761,Subject Dividers,,,,,,
401,Body Drying Aids,1827,Facial Headband,1853,Facial Headband,,,,,,
401,Body Drying Aids,1618,Hair Dryers,1619,Hair dryer stands,,,,,,
401,Body Drying Aids,1618,Hair Dryers,2394,hair dryer holder,,,,,,
401,Body Drying Aids,1965,Body Dryer,2180,Body Dryer,,,,,,
401,Body Drying Aids,1800,Bathrobes and Towels,1801,Bathrobes,,,,,,
401,Body Drying Aids,1800,Bathrobes and Towels,1852,Body Towel Wraps,,,,,,
401,Body Drying Aids,1800,Bathrobes and Towels,1849,Hair Towel Wrap,,,,,,
401,Body Drying Aids,1846,Shower Cap,1847,Shower Cap,,,,,,
401,Body Drying Aids,1183,Ear Plugs,1184,Ear plugs,,,,,,
554,Kitchen Appliances,1194,Food Blenders and Mixers,1195,Food blender,,,,,,
554,Kitchen Appliances,1978,Food Processors,2379,Food Processors,,,,,,
554,Kitchen Appliances,1979,Outdoor Grill,2354,electric outdoor grill,,,,,,
554,Kitchen Appliances,1144,Bread Makers,1145,Bread maker,,,,,,
554,Kitchen Appliances,1315,Sealers,1316,Bag sealer,,,,,,
554,Kitchen Appliances,1976,Coffee and Tea Makers,2272, voice input coffee maker,,,,,,
554,Kitchen Appliances,1976,Coffee and Tea Makers,2273, voice output coffee maker,,,,,,
554,Kitchen Appliances,1976,Coffee and Tea Makers,2271,coffee or tea maker with braille labels,,,,,,
554,Kitchen Appliances,1262,Ovens and Microwaves,1264,Microwave,,,,,,
554,Kitchen Appliances,1262,Ovens and Microwaves,1263,Oven,,,,,,
554,Kitchen Appliances,1977,Cookware,2286,cookware with tactile labeling,,,,,,
598,"Laundry, Washing and Drying Clothes Aids",1390,Laundry Baskets,1443,Flip in laundry humpers and baskets,,,,,,
598,"Laundry, Washing and Drying Clothes Aids",1152,Clothespins,1153,Clothespin,,,,,,
598,"Laundry, Washing and Drying Clothes Aids",1544,Washing and Drying Clothes and Garments,1545,Washing machines,,,,,,
804,Aids for Opening and Closing,1863,Door Openers,1864,Door Openers,,,,,,
804,Aids for Opening and Closing,1271,Openers and Closers,2569, powered window operator,,,,,,
804,Aids for Opening and Closing,1271,Openers and Closers,1272,Window opener and closer,,,,,,
804,Aids for Opening and Closing,1271,Openers and Closers,2568,powered drapery control system,,,,,,
804,Aids for Opening and Closing,1411,Food Openers,2577, milk carton opener,,,,,,
804,Aids for Opening and Closing,1411,Food Openers,2578, package opener,,,,,,
804,Aids for Opening and Closing,1411,Food Openers,2575, screw cap opener,,,,,,
804,Aids for Opening and Closing,1411,Food Openers,2576, twist cap bottle opener,,,,,,
804,Aids for Opening and Closing,1411,Food Openers,1488,Automatic bottle opener,,,,,,
804,Aids for Opening and Closing,1411,Food Openers,1482,Automatic jar opener,,,,,,
804,Aids for Opening and Closing,1411,Food Openers,1437,Bottle opener,,,,,,
804,Aids for Opening and Closing,1411,Food Openers,1446,Can opener,,,,,,
804,Aids for Opening and Closing,1411,Food Openers,1483,Dycem jar opener,,,,,,
804,Aids for Opening and Closing,1411,Food Openers,1233,Jar opener,,,,,,
804,Aids for Opening and Closing,1411,Food Openers,2574,ring top opener,,,,,,
804,Aids for Opening and Closing,2009,Key Holders,2436, key holder with beeper,,,,,,
804,Aids for Opening and Closing,2009,Key Holders,2435,key holder,,,,,,
804,Aids for Opening and Closing,1609,Key turners,1610,Key turners,,,,,,
804,Aids for Opening and Closing,1356,Tap Turners,1357,Tap opener,,,,,,
600,Gardening Aids,1998,Rakes,2572,rake with angled handle,,,,,,
600,Gardening Aids,1224,Hoses,2463, garden hose extension,,,,,,
600,Gardening Aids,1224,Hoses,2464, lightweight garden hose,,,,,,
600,Gardening Aids,1224,Hoses,2462, long handled spray extension for hose,,,,,,
600,Gardening Aids,1224,Hoses,1225,Hoses,,,,,,
600,Gardening Aids,1224,Hoses,2461,long handled scrub brush for hose,,,,,,
600,Gardening Aids,1995,Lawn Mowers,2449, lawn mower safety switch,,,,,,
600,Gardening Aids,1995,Lawn Mowers,2448,lawn mower aid,,,,,,
600,Gardening Aids,1999,Shovels,2585,shovel with angled handle,,,,,,
600,Gardening Aids,1319,Shears,1320,Shears,,,,,,
600,Gardening Aids,1376,Weed Pullers,1377,Weed puller,,,,,,
600,Gardening Aids,1996,Pickers,2453,long handled fruit picker,,,,,,
600,Gardening Aids,1997,Pruners,2465,long handled tree pruner,,,,,,
522,Transfer Aids,2652,Transfer Lift,2412,hydraulic transfer lift,,,,,,
522,Transfer Aids,2652,Transfer Lift,2414,powered transfer lift,,,,,,
522,Transfer Aids,1561,Transfer Aids,2416, bathtub transfer ladder,,,,,,
522,Transfer Aids,1561,Transfer Aids,2418, bed transfer aid,,,,,,
522,Transfer Aids,1561,Transfer Aids,2421, standing transfer aid,,,,,,
522,Transfer Aids,1561,Transfer Aids,2651,Transfer Belts,,,,,,
522,Transfer Aids,1561,Transfer Aids,1905,Transfer Boards,,,,,,
522,Transfer Aids,1561,Transfer Aids,1562,Transfer bench,,,,,,
522,Transfer Aids,1561,Transfer Aids,2419,Transfer slings,,,,,,
627,"Arm Orthoses, Supports and Stabilisers",1909,Ankle and Wrist Weights,1910,Ankle and wrist weights,,,,,,
627,"Arm Orthoses, Supports and Stabilisers",1725,Wrist Hold-down and Supports,1726,Wrist Hold-down,,,,,,
627,"Arm Orthoses, Supports and Stabilisers",1725,Wrist Hold-down and Supports,2641,wrist support for gardening,,,,,,
627,"Arm Orthoses, Supports and Stabilisers",1587,Bands and elastics,1588,Bouncy bands,,,,,,
627,"Arm Orthoses, Supports and Stabilisers",1689,Wrist Orthoses,2050,Wrist Orthoses,,,,,,
627,"Arm Orthoses, Supports and Stabilisers",1689,Wrist Orthoses,2331,dorsal wrist splint,,,,,,
627,"Arm Orthoses, Supports and Stabilisers",1553,Arm Supports,1554,Arm supports,,,,,,
627,"Arm Orthoses, Supports and Stabilisers",1607,Multi Purpose Grip,1608,Multi Purpose Grips,,,,,,
627,"Arm Orthoses, Supports and Stabilisers",1607,Multi Purpose Grip,2393,grip attachment for garden tool,,,,,,
627,"Arm Orthoses, Supports and Stabilisers",1868,Hand-finger Orthoses,1869,Hand-finger Orthoses,,,,,,
627,"Arm Orthoses, Supports and Stabilisers",2038,Arm Slings,2132, arm sling cover,,,,,,
627,"Arm Orthoses, Supports and Stabilisers",2038,Arm Slings,2133, hemiplegic shoulder subluxation support,,,,,,
627,"Arm Orthoses, Supports and Stabilisers",2038,Arm Slings,2134, shower sling,,,,,,
627,"Arm Orthoses, Supports and Stabilisers",2038,Arm Slings,2131,arm sling with shoulder harness,,,,,,
621,"Seating Cushions, Pillows and Discs",1880,Bath Lift Pommel,1881,Bath Lift Pommel,,,,,,
621,"Seating Cushions, Pillows and Discs",1406,Seating Cushions,2615, cooling cushion,,,,,,
621,"Seating Cushions, Pillows and Discs",1406,Seating Cushions,2616, cushion retainer,,,,,,
621,"Seating Cushions, Pillows and Discs",1406,Seating Cushions,2617, seat cushion with contoured base,,,,,,
621,"Seating Cushions, Pillows and Discs",1406,Seating Cushions,2618, seat cushion with lift,,,,,,
621,"Seating Cushions, Pillows and Discs",1406,Seating Cushions,1669,Cushion,,,,,,
621,"Seating Cushions, Pillows and Discs",1406,Seating Cushions,1650,Heating cushions,,,,,,
621,"Seating Cushions, Pillows and Discs",1406,Seating Cushions,1668,Jumping cushion,,,,,,
621,"Seating Cushions, Pillows and Discs",1406,Seating Cushions,1788,Portable Lifting Cushions,,,,,,
621,"Seating Cushions, Pillows and Discs",1406,Seating Cushions,1787,Pressure Relief Cushions,,,,,,
621,"Seating Cushions, Pillows and Discs",1406,Seating Cushions,1649,Squashy cushion,,,,,,
621,"Seating Cushions, Pillows and Discs",1406,Seating Cushions,1432,Swivel cushion,,,,,,
621,"Seating Cushions, Pillows and Discs",1406,Seating Cushions,1648,Vibrating neck cushion,,,,,,
621,"Seating Cushions, Pillows and Discs",1406,Seating Cushions,1651,Wheat bag,,,,,,
621,"Seating Cushions, Pillows and Discs",1406,Seating Cushions,1786,Wheelchair Cushions,,,,,,
621,"Seating Cushions, Pillows and Discs",1406,Seating Cushions,2614,toilet seat cushion,,,,,,
621,"Seating Cushions, Pillows and Discs",1589,Positioning Pillows and Discs,2136, reflux positioner,,,,,,
621,"Seating Cushions, Pillows and Discs",1589,Positioning Pillows and Discs,2135,Arm support pillow,,,,,,
621,"Seating Cushions, Pillows and Discs",1589,Positioning Pillows and Discs,2051,Positioning Pillows,,,,,,
621,"Seating Cushions, Pillows and Discs",1589,Positioning Pillows and Discs,1590,Sitting disc,,,,,,
362,Incontinence Aids,1858,Incontinence Bed Pads,2054,Incontinence Bed Pads,,,,,,
362,Incontinence Aids,1854,Single Use Diapers,1855,Single Use Diapers,,,,,,
362,Incontinence Aids,1605,Bed Pans,2179, bed pan pad,,,,,,
362,Incontinence Aids,1605,Bed Pans,1606,Bedpans,,,,,,
362,Incontinence Aids,1605,Bed Pans,2178,bed pan liner,,,,,,
362,Incontinence Aids,1952,Incontinence Stimulators,2423,Incontinence Stimulators,,,,,,
362,Incontinence Aids,1861,Incontinence Alarms,1862,Incontinence Alarms,,,,,,
362,Incontinence Aids,1950,Incontinence Collectors,2053,Incontinence Collectors,,,,,,
362,Incontinence Aids,1953,Male Incontinence Clamps,2473,Male Incontinence Clamps,,,,,,
362,Incontinence Aids,1405,Urinals,2475, male sheath urinal,,,,,,
362,Incontinence Aids,1405,Urinals,2476, urine disposal unit,,,,,,
362,Incontinence Aids,1405,Urinals,2477, urine trough,,,,,,
362,Incontinence Aids,1405,Urinals,1431,Urine bottle,,,,,,
362,Incontinence Aids,1405,Urinals,2474,male pubic pressure urinal,,,,,,
362,Incontinence Aids,1951,Incontinence Garments,2378, adult swim diaper,,,,,,
362,Incontinence Aids,1951,Incontinence Garments,2377, incontinence pants liner,,,,,,
362,Incontinence Aids,1951,Incontinence Garments,2376, incontinence pants,,,,,,
362,Incontinence Aids,1951,Incontinence Garments,2375, male incontinence garmets,,,,,,
362,Incontinence Aids,1951,Incontinence Garments,1857,Single Use Underwear,,,,,,
362,Incontinence Aids,1951,Incontinence Garments,2374,female incontinence garmets,,,,,,
362,Incontinence Aids,1949,Continence Controller,2282,Continence Controller,,,,,,
788,Computer Equipment,1622,Keyboards,1623,Big Keys Keyboard,,,,,,
788,Computer Equipment,1622,Keyboards,1734,Keyboards,,,,,,
788,Computer Equipment,1700,Mouse Pads,1701,Ergonomic Mouse Pads,,,,,,
788,Computer Equipment,1700,Mouse Pads,1702,Mouse Pads,,,,,,
788,Computer Equipment,1620,Computer Mice,1762,Computer Mice,,,,,,
788,Computer Equipment,1620,Computer Mice,1621,Ergonomic mouse,,,,,,
605,Furniture,1737,Furnishing Elements,1738,Furnishing Elements,,,,,,
605,Furniture,1735,Office Work Station,1736,Office Work Station,,,,,,
605,Furniture,1551,Reading Tables,1552,Reading table,,,,,,
27,Medication Aids,1924,Medication Guides,2370, liquid medication guide,,,,,,
27,Medication Aids,1924,Medication Guides,2369,eye drop guide,,,,,,
27,Medication Aids,1925,Medication Temperature Keepers,2480,Medication Temperature Keepers,,,,,,
27,Medication Aids,1291,Medication Reminders,2144, pill reminder,,,,,,
27,Medication Aids,1291,Medication Reminders,2142, vibrating medication reminder,,,,,,
27,Medication Aids,1291,Medication Reminders,2143, voice output medication reminder,,,,,,
27,Medication Aids,1291,Medication Reminders,2049,Medication Reminders,,,,,,
27,Medication Aids,1291,Medication Reminders,2141,audible medication reminder,,,,,,
27,Medication Aids,1288,Pill Dispensers,1289,Pill Organiser,,,,,,
27,Medication Aids,1288,Pill Dispensers,1290,Pill dispenser,,,,,,
27,Medication Aids,2047,Medication Spoons,2479,Medication Spoons,,,,,,
843,Carrying Equipment,1676,Trolleys,1694,Office Trolleys,,,,,,
843,Carrying Equipment,1676,Trolleys,1677,Trolleys,,,,,,
843,Carrying Equipment,1368,Trays,2552, tray for dispensing medication,,,,,,
843,Carrying Equipment,1368,Trays,1433,Bed Trays,,,,,,
843,Carrying Equipment,1368,Trays,1518,Carrying tray,,,,,,
843,Carrying Equipment,1368,Trays,1369,Trays,,,,,,
843,Carrying Equipment,1368,Trays,1517,Wheelchair trays,,,,,,
843,Carrying Equipment,1368,Trays,2551,non slip trays,,,,,,
633,Bed Equipment,2032,Mattresses,2348, bed board,,,,,,
633,Bed Equipment,2032,Mattresses,2346, mattress pad,,,,,,
633,Bed Equipment,2032,Mattresses,2349, mattress raiser,,,,,,
633,Bed Equipment,2032,Mattresses,2347, mattress straps,,,,,,
633,Bed Equipment,2032,Mattresses,2345,electric mattress pad,,,,,,
633,Bed Equipment,2033,Blankets,2344, blanket support,,,,,,
633,Bed Equipment,2033,Blankets,2343,electric blanket,,,,,,
633,Bed Equipment,2030,Sheets,2632,waterproof sheet,,,,,,
633,Bed Equipment,2031,Pillows,2099, body support pillow,,,,,,
633,Bed Equipment,2031,Pillows,2100, contoured pillow,,,,,,
633,Bed Equipment,2031,Pillows,2101, disposable pillow,,,,,,
633,Bed Equipment,2031,Pillows,2102, pillow protector,,,,,,
633,Bed Equipment,2031,Pillows,2103, pillow raiser,,,,,,
633,Bed Equipment,2031,Pillows,2104, roll cushion,,,,,,
633,Bed Equipment,2031,Pillows,2105, vibrating pillow,,,,,,
633,Bed Equipment,2031,Pillows,2106, waterproof pillowcase,,,,,,
633,Bed Equipment,2031,Pillows,2107, wedge pillow,,,,,,
633,Bed Equipment,2031,Pillows,2098,anti-snoring pillow,,,,,,
414,Dental Care Aids,1919,Denture Bonding Cream,1920,Denture Bonding Cream,,,,,,
414,Dental Care Aids,1616,Tube Squeezers,1617,Tube squeezers,,,,,,
414,Dental Care Aids,1789,Toothbrushes,2620, denture brush with suction base,,,,,,
414,Dental Care Aids,1789,Toothbrushes,2621, disposable toothbrush,,,,,,
414,Dental Care Aids,1789,Toothbrushes,2622, toothbrush with built up handle,,,,,,
414,Dental Care Aids,1789,Toothbrushes,1918,Denture brush,,,,,,
414,Dental Care Aids,1789,Toothbrushes,1790,Electric Toothbrush,,,,,,
414,Dental Care Aids,1789,Toothbrushes,2619,toothbrush with rubber head,,,,,,
414,Dental Care Aids,1968,Toothpaste Dispensers,1888,Automatic Toothpaste Dispenser,,,,,,
414,Dental Care Aids,1967,Oral Hygiene Aids,2303,dental floss holder,,,,,,
414,Dental Care Aids,1916,Denture Case,1917,Denture Case,,,,,,
414,Dental Care Aids,1921,Denture cleaner,1922,Denture cleaner,,,,,,
523,Turning Aids,1971,Turning Aids,2625,Turning Aids,,,,,,
420,Mirrors,1969,Mirrors,2429, magnifying mirror,,,,,,
420,Mirrors,1969,Mirrors,2430, mirror holder,,,,,,
420,Mirrors,1969,Mirrors,2431, mirror with floor stand,,,,,,
420,Mirrors,1969,Mirrors,2432, mirror with neck bracket,,,,,,
420,Mirrors,1969,Mirrors,2433, over stove mirror,,,,,,
420,Mirrors,1969,Mirrors,2044,Extension Mirror,,,,,,
420,Mirrors,1969,Mirrors,2428,inspection mirror,,,,,,
764,Cognitive Support Products,1665,Cognitive Support Tools,1666,step-by-step sequence device,,,,,,
764,Cognitive Support Products,2017,Note Takers and Players,2630, electronic notetaker,,,,,,
764,Cognitive Support Products,2017,Note Takers and Players,2628, voice output audio note player,,,,,,
764,Cognitive Support Products,2017,Note Takers and Players,2629,Braille Notetaker,,,,,,
764,Cognitive Support Products,2017,Note Takers and Players,2627,voice input audio note recorder,,,,,,
764,Cognitive Support Products,1872,Simple Reminders Kit,1873,Simple Reminders Kit,,,,,,
764,Cognitive Support Products,1874,Whiteboard Reminders,1875,Whiteboard Reminders,,,,,,
764,Cognitive Support Products,2016,Digital Recorders,2307,Digital Recorders,,,,,,
47,Personal Scales,1926,Personal Scales,2247, scale with large numbers,,,,,,
47,Personal Scales,1926,Personal Scales,2250, tactile scale,,,,,,
47,Personal Scales,1926,Personal Scales,2248, voice output scale,,,,,,
47,Personal Scales,1926,Personal Scales,2249, wheelchair scale,,,,,,
47,Personal Scales,1926,Personal Scales,2246,chair scale,,,,,,
662,Plumbing Accessories,1567,Shower Heads,1779,Palm Hand Held Shower Heads,,,,,,
662,Plumbing Accessories,1567,Shower Heads,1568,Shower heads with thermostat,,,,,,
662,Plumbing Accessories,2026,Spray Hose,2166,bathroom spray hose,,,,,,
662,Plumbing Accessories,1571,Taps,1573,Temperature and pressure balancing valves,,,,,,
662,Plumbing Accessories,1571,Taps,1572,Temperature sensitive faucets,,,,,,
662,Plumbing Accessories,2028,Faucets,2361, foam faucet protector for tub,,,,,,
662,Plumbing Accessories,2028,Faucets,2362, hands free faucet,,,,,,
662,Plumbing Accessories,2028,Faucets,2363, push button faucet,,,,,,
662,Plumbing Accessories,2028,Faucets,2364, single lever faucet,,,,,,
662,Plumbing Accessories,2028,Faucets,2360,electronic faucet,,,,,,
662,Plumbing Accessories,1295,Plug Pullers,1296,Plug pull,,,,,,
690,Cupboards and Drawers,1741,Drawer Organisers,1707,Drawer Organisers,,,,,,
690,Cupboards and Drawers,1602,Cupboards,1603,Cupboards,,,,,,
690,Cupboards and Drawers,1546,Cupboard Organization Unit,1547,Cupboard organization unit,,,,,,
650,"Handrails, Grabrails and Grab Bars",1222,Handrails and Support Rails,1563,Fixed grab rails,,,,,,
650,"Handrails, Grabrails and Grab Bars",1222,Handrails and Support Rails,1803,Floor Fixed Grab Rails,,,,,,
650,"Handrails, Grabrails and Grab Bars",1222,Handrails and Support Rails,1223,Handrail,,,,,,
650,"Handrails, Grabrails and Grab Bars",1222,Handrails and Support Rails,1564,Removable grab rails,,,,,,
650,"Handrails, Grabrails and Grab Bars",1219,Handles and levers,2366, lever tap handle,,,,,,
650,"Handrails, Grabrails and Grab Bars",1219,Handles and levers,1220,Handles,,,,,,
650,"Handrails, Grabrails and Grab Bars",1219,Handles and levers,1221,Levers,,,,,,
650,"Handrails, Grabrails and Grab Bars",1219,Handles and levers,2365,extended lever for toilet handle,,,,,,
650,"Handrails, Grabrails and Grab Bars",1870,Fall Prevention Kit,1871,Fall Prevention Kit,,,,,,
268,Clothes and Shoes,1548,Ironing Instruments,1549,Ironing boards and tables,,,,,,
268,Clothes and Shoes,1548,Ironing Instruments,1550,Ironing machine and irons,,,,,,
268,Clothes and Shoes,1548,Ironing Instruments,2434,ironing board,,,,,,
268,Clothes and Shoes,1893,Clothes General,2128, Sleeve Protectors,,,,,,
268,Clothes and Shoes,1893,Clothes General,2130, disposable clothing,,,,,,
268,Clothes and Shoes,1893,Clothes General,2129, ice grippers,,,,,,
268,Clothes and Shoes,1893,Clothes General,2127, removable pocket,,,,,,
268,Clothes and Shoes,1893,Clothes General,1907,Capes,,,,,,
268,Clothes and Shoes,1893,Clothes General,2126,arm protector,,,,,,
268,Clothes and Shoes,1542,Clothes Folding Instruments,1543,Clothes folding instruments,,,,,,
268,Clothes and Shoes,1401,Shoes and Slippers,2075, booties,,,,,,
268,Clothes and Shoes,1401,Shoes and Slippers,2076, boots,,,,,,
268,Clothes and Shoes,1401,Shoes and Slippers,2077, foam shoes,,,,,,
268,Clothes and Shoes,1401,Shoes and Slippers,2078, men's shoes,,,,,,
268,Clothes and Shoes,1401,Shoes and Slippers,2081, slippers with footrest attachment,,,,,,
268,Clothes and Shoes,1401,Shoes and Slippers,2080, slippers,,,,,,
268,Clothes and Shoes,1401,Shoes and Slippers,2082, washable shoes,,,,,,
268,Clothes and Shoes,1401,Shoes and Slippers,2079, women's shoes,,,,,,
268,Clothes and Shoes,1401,Shoes and Slippers,1425,Elastic Shoe lace,,,,,,
268,Clothes and Shoes,1401,Shoes and Slippers,2074,adjustable shoes,,,,,,
268,Clothes and Shoes,1928,Belts,2553,one hand belt buckle,,,,,,
268,Clothes and Shoes,1932,Scarves,2584,shoulder warmer,,,,,,
268,Clothes and Shoes,1889,Gloves and Mittens,2353, gardening gloves,,,,,,
268,Clothes and Shoes,1889,Gloves and Mittens,2352, oven mitt,,,,,,
268,Clothes and Shoes,1889,Gloves and Mittens,2351, stretch gloves,,,,,,
268,Clothes and Shoes,1889,Gloves and Mittens,2350,Electric Mittens,,,,,,
268,Clothes and Shoes,1889,Gloves and Mittens,1890,Gloves and Mittens,,,,,,
268,Clothes and Shoes,1930,Nightwear,2497, women's pajamas,,,,,,
268,Clothes and Shoes,1930,Nightwear,2498, women's sleepcap,,,,,,
268,Clothes and Shoes,1930,Nightwear,1778,Sleep Caps,,,,,,
268,Clothes and Shoes,1930,Nightwear,2495,men's nightshirt,,,,,,
268,Clothes and Shoes,1930,Nightwear,2496,men's pajamas,,,,,,
268,Clothes and Shoes,1933,Shirts,2508, Open Back Shirt,,,,,,
268,Clothes and Shoes,1933,Shirts,2503, men's sweaters,,,,,,
268,Clothes and Shoes,1933,Shirts,2505, men's sweatshirt,,,,,,
268,Clothes and Shoes,1933,Shirts,2502, men's vests,,,,,,
268,Clothes and Shoes,1933,Shirts,2507, women's riding shirt,,,,,,
268,Clothes and Shoes,1933,Shirts,2504, women's sweaters. women's slacks,,,,,,
268,Clothes and Shoes,1933,Shirts,2506, women's sweatshirt,,,,,,
268,Clothes and Shoes,1933,Shirts,1898,Open Back Shirt,,,,,,
268,Clothes and Shoes,1933,Shirts,2499,men's t shirt,,,,,,
268,Clothes and Shoes,1933,Shirts,2501,men's turtleneck shirt,,,,,,
268,Clothes and Shoes,1933,Shirts,2500,women's t shirt,,,,,,
268,Clothes and Shoes,1938,Ties,2510, men's stock tie,,,,,,
268,Clothes and Shoes,1938,Ties,2511, women's stock tie,,,,,,
268,Clothes and Shoes,1938,Ties,2509,men's tie,,,,,,
268,Clothes and Shoes,1931,Robes,2447, Men's Robes,,,,,,
268,Clothes and Shoes,1931,Robes,2446, Women's Robes,,,,,,
268,Clothes and Shoes,1931,Robes,2445,Lap Robes,,,,,,
268,Clothes and Shoes,1929,Hats and Helmets,2426, helmet accessories,,,,,,
268,Clothes and Shoes,1929,Hats and Helmets,2427, helmet with reacher,,,,,,
268,Clothes and Shoes,1929,Hats and Helmets,2425, protective helmets,,,,,,
268,Clothes and Shoes,1929,Hats and Helmets,2424,Insect net hats,,,,,,
268,Clothes and Shoes,1935,Skirts and Dresses,2635, culottes,,,,,,
268,Clothes and Shoes,1935,Skirts and Dresses,2637, wheelchair dresses,,,,,,
268,Clothes and Shoes,1935,Skirts and Dresses,2636, wheelchair skirts,,,,,,
268,Clothes and Shoes,1935,Skirts and Dresses,2638, women's dresses,,,,,,
268,Clothes and Shoes,1935,Skirts and Dresses,2639, women's skirts,,,,,,
268,Clothes and Shoes,1935,Skirts and Dresses,2634,wheelchair rain skirts,,,,,,
268,Clothes and Shoes,1939,Underwear,2528, camisole,,,,,,
268,Clothes and Shoes,1939,Underwear,2529, garter belt,,,,,,
268,Clothes and Shoes,1939,Underwear,2525, men's bodysuit,,,,,,
268,Clothes and Shoes,1939,Underwear,2526, men's short pants,,,,,,
268,Clothes and Shoes,1939,Underwear,2527, men's undershirt,,,,,,
268,Clothes and Shoes,1939,Underwear,2531, post mastectomey bra,,,,,,
268,Clothes and Shoes,1939,Underwear,2532, skirt shield,,,,,,
268,Clothes and Shoes,1939,Underwear,2534, underpants,,,,,,
268,Clothes and Shoes,1939,Underwear,2535, women's bodysuit,,,,,,
268,Clothes and Shoes,1939,Underwear,2530, women's long underware,,,,,,
268,Clothes and Shoes,1939,Underwear,2533, women's undershirt,,,,,,
268,Clothes and Shoes,1939,Underwear,1903,Bras,,,,,,
268,Clothes and Shoes,1939,Underwear,2048,Underware,,,,,,
268,Clothes and Shoes,1939,Underwear,2524,men's long underware,,,,,,
268,Clothes and Shoes,1934,Shorts and Trousers,2492, men's hunting pants,,,,,,
268,Clothes and Shoes,1934,Shorts and Trousers,2493, men's snowpants,,,,,,
268,Clothes and Shoes,1934,Shorts and Trousers,2489, men's sweatpants,,,,,,
268,Clothes and Shoes,1934,Shorts and Trousers,2491, men's wheelchair trousers,,,,,,
268,Clothes and Shoes,1934,Shorts and Trousers,2494, rain pants,,,,,,
268,Clothes and Shoes,1934,Shorts and Trousers,2482, women's jeans,,,,,,
268,Clothes and Shoes,1934,Shorts and Trousers,2484, women's jumpsuit,,,,,,
268,Clothes and Shoes,1934,Shorts and Trousers,2486, women's overall,,,,,,
268,Clothes and Shoes,1934,Shorts and Trousers,2488, women's shorts,,,,,,
268,Clothes and Shoes,1934,Shorts and Trousers,2490, women's sweatpants,,,,,,
268,Clothes and Shoes,1934,Shorts and Trousers,1894,Trousers,,,,,,
268,Clothes and Shoes,1934,Shorts and Trousers,2481,men's jeans,,,,,,
268,Clothes and Shoes,1934,Shorts and Trousers,2483,men's jumpsuit,,,,,,
268,Clothes and Shoes,1934,Shorts and Trousers,2485,men's overalls,,,,,,
268,Clothes and Shoes,1934,Shorts and Trousers,2487,men's shorts,,,,,,
268,Clothes and Shoes,1941,Jackets and Coats,2517, men's cape,,,,,,
268,Clothes and Shoes,1941,Jackets and Coats,2518, men's coat,,,,,,
268,Clothes and Shoes,1941,Jackets and Coats,2515, men's tops,,,,,,
268,Clothes and Shoes,1941,Jackets and Coats,2519, poncho,,,,,,
268,Clothes and Shoes,1941,Jackets and Coats,2522, rain cape,,,,,,
268,Clothes and Shoes,1941,Jackets and Coats,2523, rain coat,,,,,,
268,Clothes and Shoes,1941,Jackets and Coats,2520, shoulder wrap,,,,,,
268,Clothes and Shoes,1941,Jackets and Coats,2516, sport jacket,,,,,,
268,Clothes and Shoes,1941,Jackets and Coats,2513, women's dressage coat,,,,,,
268,Clothes and Shoes,1941,Jackets and Coats,2521, womenâ€™s jacket,,,,,,
268,Clothes and Shoes,1941,Jackets and Coats,1908,Men's Jacket,,,,,,
268,Clothes and Shoes,1941,Jackets and Coats,2512,men's dressage coat,,,,,,
268,Clothes and Shoes,1941,Jackets and Coats,2514,men's hunt jacket,,,,,,
268,Clothes and Shoes,1936,Suits,2537, women's pants suits,,,,,,
268,Clothes and Shoes,1936,Suits,2536,men's suits,,,,,,
268,Clothes and Shoes,1937,Swimwear,2540, aquatic slippers/shoes,,,,,,
268,Clothes and Shoes,1937,Swimwear,2541, bathing suit,,,,,,
268,Clothes and Shoes,1937,Swimwear,2539, men's swimming trunks,,,,,,
268,Clothes and Shoes,1937,Swimwear,2538,men's swim vest,,,,,,
268,Clothes and Shoes,1138,Aprons and Bibs,2110, bib hoop,,,,,,
268,Clothes and Shoes,1138,Aprons and Bibs,1139,Bibs and aprons,,,,,,
268,Clothes and Shoes,1138,Aprons and Bibs,2108,apron hoops,,,,,,
268,Clothes and Shoes,1138,Aprons and Bibs,2109,bib clips,,,,,,
268,Clothes and Shoes,1138,Aprons and Bibs,2111,smock,,,,,,
268,Clothes and Shoes,1900,Socks,2356, leg muffler,,,,,,
268,Clothes and Shoes,1900,Socks,2357, slipper socks,,,,,,
268,Clothes and Shoes,1900,Socks,2358, slips,,,,,,
268,Clothes and Shoes,1900,Socks,2359, stockings,,,,,,
268,Clothes and Shoes,1900,Socks,1901,Diabetic Socks,,,,,,
268,Clothes and Shoes,1900,Socks,1902,Non-Slip Bed Socks,,,,,,
268,Clothes and Shoes,1900,Socks,2355,electric socks,,,,,,
268,Clothes and Shoes,1940,Warmers,2116, Knee Warmer,,,,,,
268,Clothes and Shoes,1940,Warmers,2113, Leg Warmers,,,,,,
268,Clothes and Shoes,1940,Warmers,2114, Low Back Warmers,,,,,,
268,Clothes and Shoes,1940,Warmers,2115, foot warmer,,,,,,
268,Clothes and Shoes,1940,Warmers,2112,Arm and elbow warmers,,,,,,
268,Clothes and Shoes,1940,Warmers,1892,Knee Warmer,,,,,,
410,Hair Care Aids,1835,Nose Trimmer,1836,Nose Trimmer,,,,,,
410,Hair Care Aids,1393,Combs and Hairbrushes,2276, afro comb with built up handle,,,,,,
410,Hair Care Aids,1393,Combs and Hairbrushes,2277, afro comb with extended handle,,,,,,
410,Hair Care Aids,1393,Combs and Hairbrushes,2275, comb with extended handle,,,,,,
410,Hair Care Aids,1393,Combs and Hairbrushes,2278, finger ring hair brush,,,,,,
410,Hair Care Aids,1393,Combs and Hairbrushes,2279, hair brush with built up handle,,,,,,
410,Hair Care Aids,1393,Combs and Hairbrushes,2280, hair brush with extended handle,,,,,,
410,Hair Care Aids,1393,Combs and Hairbrushes,2281, hair brush with loop handle,,,,,,
410,Hair Care Aids,1393,Combs and Hairbrushes,1418,Long handled hair brushes,,,,,,
410,Hair Care Aids,1393,Combs and Hairbrushes,2274,comb with built up handle,,,,,,
410,Hair Care Aids,1833,Facial Hair Remover,1834,Facial Hair Remover,,,,,,
410,Hair Care Aids,1565,Razors,2059, razor holder,,,,,,
410,Hair Care Aids,1565,Razors,2060, razor with built up handle,,,,,,
410,Hair Care Aids,1565,Razors,1923,Callus Shaver,,,,,,
410,Hair Care Aids,1565,Razors,1675,Electric shaver,,,,,,
410,Hair Care Aids,1565,Razors,1566,Extension razor holder,,,,,,
410,Hair Care Aids,1565,Razors,2058,adapted razor,,,,,,
410,Hair Care Aids,1829,Tweezers,1830,Tweezers,,,,,,
410,Hair Care Aids,1829,Tweezers,2466,long tweezers,,,,,,
399,"Sponges, Brushes and Washcloths",1392,Bathing Sponges,1417,Long handle bathing sponges,,,,,,
399,"Sponges, Brushes and Washcloths",1816,Hair Brushes,1817,Hair Brushes,,,,,,
399,"Sponges, Brushes and Washcloths",1816,Hair Brushes,2454,Long handled hair brushes,,,,,,
399,"Sponges, Brushes and Washcloths",1387,Cleaning Brushes,1413,Multi-purpose cleaning brush,,,,,,
399,"Sponges, Brushes and Washcloths",1814,Foot Brushes,1815,Foot Brushes,,,,,,
399,"Sponges, Brushes and Washcloths",1964,Washcloths,2310, washcloth with extended handle,,,,,,
399,"Sponges, Brushes and Washcloths",1964,Washcloths,2311, washcloth wringer,,,,,,
399,"Sponges, Brushes and Washcloths",1964,Washcloths,2309,disposable washcloth,,,,,,
399,"Sponges, Brushes and Washcloths",1438,Body Brushes,1439,Body Brush,,,,,,
399,"Sponges, Brushes and Washcloths",1438,Body Brushes,1600,Pressure brush,,,,,,
860,Rulers,1307,Rulers,1308,Reading ruler,,,,,,
860,Rulers,1307,Rulers,1601,Tactile Rulers,,,,,,
571,Plates and Bowls,1993,Plates,2403, inner lip plate,,,,,,
571,Plates and Bowls,1993,Plates,2404, non skid plate,,,,,,
571,Plates and Bowls,1993,Plates,2405, partitioned plate,,,,,,
571,Plates and Bowls,1993,Plates,2406, plate handle,,,,,,
571,Plates and Bowls,1993,Plates,2407, plate holder for wheelchair,,,,,,
571,Plates and Bowls,1993,Plates,2408, plate with suction base,,,,,,
571,Plates and Bowls,1993,Plates,2409, rotating plate,,,,,,
571,Plates and Bowls,1993,Plates,2402,high side plate,,,,,,
571,Plates and Bowls,1293,Bowls,1294,Plates and bowls,,,,,,
540,Assistive Products for Orientation,1973,Locators,2469, blinking locator,,,,,,
540,Assistive Products for Orientation,1973,Locators,2468, personal location finder,,,,,,
540,Assistive Products for Orientation,1973,Locators,2467,lost item location system,,,,,,
540,Assistive Products for Orientation,2046,Finders,2470,Lost items finder,,,,,,
540,Assistive Products for Orientation,1975,Orientation Markings,2556,Orientation Markings,,,,,,
540,Assistive Products for Orientation,1974,Navigators,2138, voice output indoor navigation and orientation,,,,,,
540,Assistive Products for Orientation,1974,Navigators,2137,audible indoor navigation and orientation aid,,,,,,
629,"Leg Orthoses, Supports and Stabilisers",2034,Pads,2389,garden knee pad,,,,,,
629,"Leg Orthoses, Supports and Stabilisers",1559,Leg lifters,1560,Leg lifter,,,,,,
629,"Leg Orthoses, Supports and Stabilisers",2035,Cast Supports,2608, Foot protector for cast,,,,,,
629,"Leg Orthoses, Supports and Stabilisers",2035,Cast Supports,2609, cast boot,,,,,,
629,"Leg Orthoses, Supports and Stabilisers",2035,Cast Supports,2607,toe cast sock,,,,,,
62,Heat Treatment,1670,Neck Heating Devices,1672,Bean bag,,,,,,
62,Heat Treatment,1670,Neck Heating Devices,1671,Neck collar,,,,,,
62,Heat Treatment,1226,Hot Bottles,1227,Hot bottle,,,,,,
664,Doors,2022,Door Accessories,2057, doorstop and holder,,,,,,
664,Doors,2022,Door Accessories,2056,accessible doorbell,,,,,,
664,Doors,2023,Door Handles,2313, door knob,,,,,,
664,Doors,2023,Door Handles,2314, panic bar,,,,,,
664,Doors,2023,Door Handles,2312,door handle lever,,,,,,
664,Doors,2025,Door Operators,2411, powered door operator,,,,,,
664,Doors,2025,Door Operators,2410,holder for powered door operator,,,,,,
664,Doors,2024,Door Locks,2316, keyless door lock,,,,,,
664,Doors,2024,Door Locks,2317, remote control door lock,,,,,,
664,Doors,2024,Door Locks,2315,door lock light,,,,,,
724,Calculation Aids,1680,Calculators,2182, calculator screen magnifier,,,,,,
724,Calculation Aids,1680,Calculators,2183, voice output calculator,,,,,,
724,Calculation Aids,1680,Calculators,1729,Digital Calculators,,,,,,
724,Calculation Aids,1680,Calculators,1681,Calculators,,,,,,
724,Calculation Aids,1680,Calculators,2181,braille calculator,,,,,,
724,Calculation Aids,1727,Manual Aids for Calculating,1728,Manual Aids for Calculating,,,,,,
578,Home Cleaning Equipment,1389,Soap dispensers and holders,1506,Automatic touchless soap dispenser,,,,,,
578,Home Cleaning Equipment,1389,Soap dispensers and holders,1415,Easy to press soap dispenser,,,,,,
578,Home Cleaning Equipment,1389,Soap dispensers and holders,1885,Soap Holders,,,,,,
578,Home Cleaning Equipment,1389,Soap dispensers and holders,1507,Soap dispenser,,,,,,
578,Home Cleaning Equipment,1192,Floor Mopping Equipment,2201, programmable floor washer,,,,,,
578,Home Cleaning Equipment,1192,Floor Mopping Equipment,1193,Floor mopping equipment,,,,,,
578,Home Cleaning Equipment,1192,Floor Mopping Equipment,1481,Wringers,,,,,,
578,Home Cleaning Equipment,1192,Floor Mopping Equipment,2200,bucket,,,,,,
578,Home Cleaning Equipment,1192,Floor Mopping Equipment,1479,irobot,,,,,,
578,Home Cleaning Equipment,1388,Snow Cleaning Assistive Products,1414,Snow brush,,,,,,
578,Home Cleaning Equipment,1181,"Dustpans, Dust Brushes and Dust Brooms",2157, broom with angled handle,,,,,,
578,Home Cleaning Equipment,1181,"Dustpans, Dust Brushes and Dust Brooms",2154, broom,,,,,,
578,Home Cleaning Equipment,1181,"Dustpans, Dust Brushes and Dust Brooms",2155, carpet sweeper,,,,,,
578,Home Cleaning Equipment,1181,"Dustpans, Dust Brushes and Dust Brooms",2156, vacuum cleaner,,,,,,
578,Home Cleaning Equipment,1181,"Dustpans, Dust Brushes and Dust Brooms",1473,Dusters,,,,,,
578,Home Cleaning Equipment,1181,"Dustpans, Dust Brushes and Dust Brooms",1182,"Dustpans, dust brushes and dust brooms",,,,,,
578,Home Cleaning Equipment,1181,"Dustpans, Dust Brushes and Dust Brooms",1472,Long handled Dust pans,,,,,,
578,Home Cleaning Equipment,1181,"Dustpans, Dust Brushes and Dust Brooms",1539,Long handled dust brush,,,,,,
578,Home Cleaning Equipment,1181,"Dustpans, Dust Brushes and Dust Brooms",1474,Thick handled dust brush,,,,,,
578,Home Cleaning Equipment,1181,"Dustpans, Dust Brushes and Dust Brooms",2153,automatic floor duster,,,,,,
867,Color Identifiers,1154,Color Identifiers,1155,Color identifier,,,,,,
297,Dressing Aids,1944,Trouser Aids,2624,Trouser Aids,,,,,,
297,Dressing Aids,1942,Button Aids,2544, fastners blocks,,,,,,
297,Dressing Aids,1942,Button Aids,2543, velcro,,,,,,
297,Dressing Aids,1942,Button Aids,1424,Button Hooks,,,,,,
297,Dressing Aids,1942,Button Aids,2542,modifies buttons,,,,,,
297,Dressing Aids,1399,Zipper Pullers,2571, zipper shoe fastener,,,,,,
297,Dressing Aids,1399,Zipper Pullers,2570,Pull loops,,,,,,
297,Dressing Aids,1399,Zipper Pullers,1423,Zipper puller,,,,,,
297,Dressing Aids,1400,General Dressing aids,2086, dressing stick,,,,,,
297,Dressing Aids,1400,General Dressing aids,2087, jewelry clasp aid,,,,,,
297,Dressing Aids,1400,General Dressing aids,2088, motorized clothing rack,,,,,,
297,Dressing Aids,1400,General Dressing aids,2089, motorized shoe organizer,,,,,,
297,Dressing Aids,1400,General Dressing aids,1899,Clip on Ties,,,,,,
297,Dressing Aids,1400,General Dressing aids,1611,Clothing Clips,,,,,,
297,Dressing Aids,1400,General Dressing aids,1882,Dressing Aid Kit,,,,,,
297,Dressing Aids,1400,General Dressing aids,1541,Dressing stick,,,,,,
297,Dressing Aids,1400,General Dressing aids,2085,amputee dressing aid,,,,,,
297,Dressing Aids,1943,Stocking Aids,2559,pantyhose aid,,,,,,
830,Reachers and Grabbers,1303,Reachers,2460,  hanger with extended hook,,,,,,
830,Reachers and Grabbers,1303,Reachers,2456, reacher holder,,,,,,
830,Reachers and Grabbers,1303,Reachers,2457, reacher with light,,,,,,
830,Reachers and Grabbers,1303,Reachers,2458, telescoping magnet,,,,,,
830,Reachers and Grabbers,1303,Reachers,2459, utility stick,,,,,,
830,Reachers and Grabbers,1303,Reachers,1304,Reacher,,,,,,
830,Reachers and Grabbers,1303,Reachers,2455,long handled hook,,,,,,
583,Waste Disposal Products,1386,Waste Bins,2319, leaf bag and frame,,,,,,
583,Waste Disposal Products,1386,Waste Bins,1412,Sensor waste bin,,,,,,
583,Waste Disposal Products,1386,Waste Bins,2318,door mounted trash can,,,,,,
616,Seats,1744,Recliners,2368, recliner stabilizer,,,,,,
616,Seats,1744,Recliners,1745,Recliners,,,,,,
616,Seats,1744,Recliners,2367,extension handle for recliner,,,,,,
616,Seats,2040,Feeder Seats,2371,feeder seat cushion,,,,,,
616,Seats,2039,Floor Seats,2289, floor sitter,,,,,,
616,Seats,2039,Floor Seats,2288,corner seat,,,,,,
616,Seats,2041,Benches,2065, back insert,,,,,,
616,Seats,2041,Benches,2064,adjustable bench,,,,,,
616,Seats,1742,Office Chairs,1693,Office Chairs,,,,,,
616,Seats,1569,Bath Seats,2231, corner shower seat,,,,,,
616,Seats,1569,Bath Seats,2232, folding shower seat,,,,,,
616,Seats,1569,Bath Seats,2230, reclining bath seat,,,,,,
616,Seats,1569,Bath Seats,1570,Bath seat,8674,,,,,
616,Seats,1569,Bath Seats,2229,caster shower chair,,,,,,
616,Seats,1410,Sitting Aids,1436,Chair raiser,,,,,,
616,Seats,1317,Seat Covers,1318,Seat cover,,,,,,
616,Seats,1408,Stools,1512,Perching stool with arms,,,,,,
616,Seats,1408,Stools,1434,Perching stools,,,,,,
616,Seats,1578,Chairs,2125, Chair raiser,,,,,,
616,Seats,1578,Chairs,2118, caddy for armchair,,,,,,
616,Seats,1578,Chairs,2119, dining chair,,,,,,
616,Seats,1578,Chairs,2120, folding chair with high seat,,,,,,
616,Seats,1578,Chairs,2121, high back chair,,,,,,
616,Seats,1578,Chairs,2122, posture chair,,,,,,
616,Seats,1578,Chairs,2123, seat lift chair,,,,,,
616,Seats,1578,Chairs,2124, soft chair,,,,,,
616,Seats,1578,Chairs,1579,Squashy chair,,,,,,
616,Seats,1578,Chairs,1580,Support Chair,,,,,,
616,Seats,1578,Chairs,2117,arm chair with high seat,,,,,,
616,Seats,1804,Commode Chairs,2242, disposable bag for commode,,,,,,
616,Seats,1804,Commode Chairs,2241, folding height adjustable commode×ª commode seat cushion,,,,,,
616,Seats,1804,Commode Chairs,1805,Commode Chairs,8698,8699,,,,
304,"Toilet Seats, Raisers and Supports",1812,Toilet Support Frame with Seat,1813,Toilet Support Frame with Seat,,,,,,
304,"Toilet Seats, Raisers and Supports",1404,Toilet Seats,1516,Raised toilet seat,,,,,,
304,"Toilet Seats, Raisers and Supports",1404,Toilet Seats,1430,Toilet seat fixations,,,,,,
304,"Toilet Seats, Raisers and Supports",1794,Toilet Arm Supports,1795,Toilet Arm Supports and Toilet Back Supports Mounted on Toilet,,,,,,
304,"Toilet Seats, Raisers and Supports",1810,Toilet Seats with Handles,1811,Toilet Seats with Handles,,,,,,
304,"Toilet Seats, Raisers and Supports",1614,Toilet Support Frames,1615,Toilet frames,,,,,,
304,"Toilet Seats, Raisers and Supports",1775,Toilet Raisers,1809,Toilet Raiser,,,,,,
304,"Toilet Seats, Raisers and Supports",1775,Toilet Raisers,2228,carrying case for elevated toilet seat,,,,,,
304,"Toilet Seats, Raisers and Supports",1783,Toilet seats with Raising Mechanism,1784,Toilet seats with Raising Mechanism,,,,,,
304,"Toilet Seats, Raisers and Supports",1945,Toilet Footrest,2610,Toilet Footrest,,,,,,
680,Home Safety Equipment,2020,Signaling Systems,2321, fire safety system,,,,,,
680,Home Safety Equipment,2020,Signaling Systems,2322, flashing light signal,,,,,,
680,Home Safety Equipment,2020,Signaling Systems,2323, mailbox signal,,,,,,
680,Home Safety Equipment,2020,Signaling Systems,2324, natural gas detector,,,,,,
680,Home Safety Equipment,2020,Signaling Systems,2325, pillow vibrator,,,,,,
680,Home Safety Equipment,2020,Signaling Systems,2326, smoke alarm,,,,,,
680,Home Safety Equipment,2020,Signaling Systems,2327, sound monitor,,,,,,
680,Home Safety Equipment,2020,Signaling Systems,2328, tactile paging system,,,,,,
680,Home Safety Equipment,2020,Signaling Systems,2330, telephone signal,,,,,,
680,Home Safety Equipment,2020,Signaling Systems,2329, turn signal alert device,,,,,,
680,Home Safety Equipment,2020,Signaling Systems,2320,doorbell signal,,,,,,
680,Home Safety Equipment,1334,Socket Covers,1335,Socket cover,,,,,,
765,Personal Safety Products,1633,Personal Safety Products,1634,Personal alarm,,,,,,
765,Personal Safety Products,1633,Personal Safety Products,2565,Personal alarm,,,,,,
816,Remote Controls,1402,Remote controls,1427,Big button remote control,,,,,,
816,Remote Controls,1402,Remote controls,1428,Easy remote control,,,,,,
729,Music Players and Recorders,1403,Music Players,1429,Easy to use music player,,,,,,
768,Signs and Labels,2014,Labelers,2189, braille labeling sheets,,,,,,
768,Signs and Labels,2014,Labelers,2190, large print labeler,,,,,,
768,Signs and Labels,2014,Labelers,2188,braille labeler,,,,,,
768,Signs and Labels,2010,Tapes,2192, glow tape,,,,,,
768,Signs and Labels,2010,Tapes,2193, large print labeling tape,,,,,,
768,Signs and Labels,2010,Tapes,2196, luminous tape for walking,,,,,,
768,Signs and Labels,2010,Tapes,2194, magnetic labeling tape,,,,,,
768,Signs and Labels,2010,Tapes,2195, tactile labeling tape,,,,,,
768,Signs and Labels,2010,Tapes,1879,Luminous Tape,,,,,,
768,Signs and Labels,2010,Tapes,2191,braille labeling tape,,,,,,
768,Signs and Labels,2011,Tags,2084, Key tags,,,,,,
768,Signs and Labels,2011,Tags,2083,aluminum clothing tags,,,,,,
768,Signs and Labels,1321,Signs and Labels,2604, Door sign,,,,,,
768,Signs and Labels,1321,Signs and Labels,2599, Medication lables,,,,,,
768,Signs and Labels,1321,Signs and Labels,2600, braille labeling system for medication,,,,,,
768,Signs and Labels,1321,Signs and Labels,2603, medication identification straps,,,,,,
768,Signs and Labels,1321,Signs and Labels,2597, tactile label,,,,,,
768,Signs and Labels,1321,Signs and Labels,2601, tactile labeling system for medication,,,,,,
768,Signs and Labels,1321,Signs and Labels,2602, voice output medication label reader,,,,,,
768,Signs and Labels,1321,Signs and Labels,2598, voice output sign,,,,,,
768,Signs and Labels,1321,Signs and Labels,1599,Activity picture board,,,,,,
768,Signs and Labels,1321,Signs and Labels,1322,Door sign,8352,8353,8354,8355,8357,8358
768,Signs and Labels,1321,Signs and Labels,1323,Key tags,,,,,,
768,Signs and Labels,1321,Signs and Labels,1324,Labels,,,,,,
768,Signs and Labels,1321,Signs and Labels,1915,Tactile warning labels,,,,,,
768,Signs and Labels,1321,Signs and Labels,1914,Warning  Sign,,,,,,
768,Signs and Labels,1321,Signs and Labels,2596,tactile food labels,,,,,,
768,Signs and Labels,2012,Overlays,2438, braille dial,,,,,,
768,Signs and Labels,2012,Overlays,2437,keytop overlay,,,,,,
768,Signs and Labels,2013,Markers,2254, low vision pen,,,,,,
768,Signs and Labels,2013,Markers,2255, raised dot maker,,,,,,
768,Signs and Labels,2013,Markers,2256, raised line marker,,,,,,
768,Signs and Labels,2013,Markers,2257, tactile marker,,,,,,
768,Signs and Labels,2013,Markers,2253,clothing marker,,,,,,
569,Cutlery,1370,Utensils,1371,Utensils,,,,,,
569,Cutlery,1161,Cutlery,2091, Cutlery holder,,,,,,
569,Cutlery,1161,Cutlery,2092, Heavy cutlery,,,,,,
569,Cutlery,1161,Cutlery,2093, Plastic spoons,,,,,,
569,Cutlery,1161,Cutlery,2094, Shaky hand spoon,,,,,,
569,Cutlery,1161,Cutlery,2095, Soft edge cutlery,,,,,,
569,Cutlery,1161,Cutlery,2096, Thick handeled/ ergonomic cutlery,,,,,,
569,Cutlery,1161,Cutlery,2097, Ultra light cutlery,,,,,,
569,Cutlery,1161,Cutlery,1461,Angled / Bendable cutlery,,,,,,
569,Cutlery,1161,Cutlery,2090,Angled / Bendable cutlery,,,,,,
569,Cutlery,1161,Cutlery,1163,Cutlery and utensils,,,,,,
569,Cutlery,1161,Cutlery,1465,Cutlery holder,,,,,,
569,Cutlery,1161,Cutlery,1162,Cutlery,,,,,,
569,Cutlery,1161,Cutlery,1467,Flexible long cutlery,,,,,,
569,Cutlery,1161,Cutlery,1529,Heavy cutlery,,,,,,
569,Cutlery,1161,Cutlery,1464,Rubber spoons,,,,,,
569,Cutlery,1161,Cutlery,1466,Slim handled cutlery,,,,,,
569,Cutlery,1161,Cutlery,1463,Soft edge cutlery,,,,,,
569,Cutlery,1161,Cutlery,1460,Thick handeled/ ergonomic cutlery,,,,,,
569,Cutlery,1161,Cutlery,1462,Ultra light cutlery,,,,,,
569,Cutlery,1642,Cutlery Holders,2558, utensil holder,,,,,,
569,Cutlery,1642,Cutlery Holders,1641,Cutlery holder,,,,,,
569,Cutlery,1642,Cutlery Holders,2557,Palmar Clip ADL Cuff,,,,,,
569,Cutlery,1340,Special Knives,2198, Fish knife,,,,,,
569,Cutlery,1340,Special Knives,2199, Meat knife,,,,,,
569,Cutlery,1340,Special Knives,1341,Bread knife,,,,,,
569,Cutlery,1340,Special Knives,2197,Bread knife,,,,,,
569,Cutlery,1340,Special Knives,1342,Fish knife,,,,,,
569,Cutlery,1340,Special Knives,1343,Meat knife,,,,,,
569,Cutlery,1240,Knives,2440, knife with extended handle,,,,,,
569,Cutlery,1240,Knives,2441, knife with loop handle,,,,,,
569,Cutlery,1240,Knives,2442, knife with vertical palmar cuff,,,,,,
569,Cutlery,1240,Knives,2443, large handle knife,,,,,,
569,Cutlery,1240,Knives,2444, roller knife,,,,,,
569,Cutlery,1240,Knives,1532,Ergonomic cutting knife,,,,,,
569,Cutlery,1240,Knives,1241,Kitchen knife,,,,,,
569,Cutlery,1240,Knives,1242,Knife,770,771,876,,,
569,Cutlery,1240,Knives,1533,Plastic knife,,,,,,
569,Cutlery,1240,Knives,1531,Rocker knife,,,,,,
569,Cutlery,1240,Knives,2439,knife with built up handle,,,,,,
569,Cutlery,1990,"Spoons, Teaspoons and Sporks",2260, Plastisol coated spoon,,,,,,
569,Cutlery,1990,"Spoons, Teaspoons and Sporks",2259, feeding spatula,,,,,,
569,Cutlery,1990,"Spoons, Teaspoons and Sporks",2261, side cutting spoon,,,,,,
569,Cutlery,1990,"Spoons, Teaspoons and Sporks",2268, side cutting spork,,,,,,
569,Cutlery,1990,"Spoons, Teaspoons and Sporks",2262, spoon with built up handle,,,,,,
569,Cutlery,1990,"Spoons, Teaspoons and Sporks",2263, spoon with extended handle,,,,,,
569,Cutlery,1990,"Spoons, Teaspoons and Sporks",2264, spoon with horizontal palmar handle,,,,,,
569,Cutlery,1990,"Spoons, Teaspoons and Sporks",2265, spoon with offset handle,,,,,,
569,Cutlery,1990,"Spoons, Teaspoons and Sporks",2266, spoon with vertical palmar handle,,,,,,
569,Cutlery,1990,"Spoons, Teaspoons and Sporks",2269, spork with built up handle,,,,,,
569,Cutlery,1990,"Spoons, Teaspoons and Sporks",2267, spork,,,,,,
569,Cutlery,1990,"Spoons, Teaspoons and Sporks",2270, swivel spork,,,,,,
569,Cutlery,1990,"Spoons, Teaspoons and Sporks",1468,Plastic spoons,,,,,,
569,Cutlery,1990,"Spoons, Teaspoons and Sporks",1530,Shaky hand spoon,,,,,,
569,Cutlery,1990,"Spoons, Teaspoons and Sporks",2648,"Spoons, Teaspoons and Sporks",,,,,,
569,Cutlery,1990,"Spoons, Teaspoons and Sporks",2258,coated spoon,,,,,,
569,Cutlery,1204,Forks,2382, fork with extended handle,,,,,,
569,Cutlery,1204,Forks,2383, fork with finger ring,,,,,,
569,Cutlery,1204,Forks,2384, fork with horizontal palmar cuff,,,,,,
569,Cutlery,1204,Forks,2385, fork with offset handle,,,,,,
569,Cutlery,1204,Forks,2386, fork with vertical palmar cuff,,,,,,
569,Cutlery,1204,Forks,2387, one hand cutlery set,,,,,,
569,Cutlery,1204,Forks,2388, swivel fork with built up handle,,,,,,
569,Cutlery,1204,Forks,1339,Carving fork,,,,,,
569,Cutlery,1204,Forks,1205,Plastic fork,,,,,,
569,Cutlery,1204,Forks,2381,fork with built up handle,,,,,,
771,Reading Tools,1752,Scan Readers,1753,Scan Readers,,,,,,
757,Application Software and Mobile Apps,1739,Learning Tools,1740,Learning Tools,,,,,,
757,Application Software and Mobile Apps,1730,Task Management and Assistance Tools,1731,Task Management and Assistance Tools,,,,,,
757,Application Software and Mobile Apps,1748,Notification Tools,1749,Notification Tools,,,,,,
757,Application Software and Mobile Apps,1743,Presentation Support Tools,1709,Presentation Support Tools,,,,,,
757,Application Software and Mobile Apps,1746,Browser Support Tools,1747,Browser Support Tools,,,,,,
757,Application Software and Mobile Apps,1732,Note Taking Tools,1733,Note Taking Tools,,,,,,
757,Application Software and Mobile Apps,1732,Note Taking Tools,1718,Note-taking and PDF Annotation Apps,,,,,,
558,Dishwashing Equipment,1177,Dishcloth Pressers,1178,Dishcloth presser,,,,,,
558,Dishwashing Equipment,1982,Dishwasher,2308,Dishwasher,,,,,,
558,Dishwashing Equipment,1636,Squeegees,1538,Squeegee,,,,,,
558,Dishwashing Equipment,1179,Dishwashing Brushes,1469,Bottle washing brush,,,,,,
558,Dishwashing Equipment,1179,Dishwashing Brushes,1470,Dishes scraber,,,,,,
558,Dishwashing Equipment,1179,Dishwashing Brushes,1180,Dishwashing brush,,,,,,
558,Dishwashing Equipment,1179,Dishwashing Brushes,1471,Soap dispenser and dishwashing brush,,,,,,
762,Clocks and Watches,1150,Clocks and Watches,2214, chiming clock,,,,,,
762,Clocks and Watches,1150,Clocks and Watches,2204, flashing alarm watch,,,,,,
762,Clocks and Watches,1150,Clocks and Watches,2218, low vision alarm clock,,,,,,
762,Clocks and Watches,1150,Clocks and Watches,2219, low vision analog clock,,,,,,
762,Clocks and Watches,1150,Clocks and Watches,2220, low vision desk clock,,,,,,
762,Clocks and Watches,1150,Clocks and Watches,2221, low vision digital clock,,,,,,
762,Clocks and Watches,1150,Clocks and Watches,2222, low vision wall clock,,,,,,
762,Clocks and Watches,1150,Clocks and Watches,2223, low vision watch,,,,,,
762,Clocks and Watches,1150,Clocks and Watches,2205, self fastening watch,,,,,,
762,Clocks and Watches,1150,Clocks and Watches,2206, self setting watch,,,,,,
762,Clocks and Watches,1150,Clocks and Watches,2207, sign language display watch,,,,,,
762,Clocks and Watches,1150,Clocks and Watches,2225, tactile alarm clock,,,,,,
762,Clocks and Watches,1150,Clocks and Watches,2226, tactile clockface,,,,,,
762,Clocks and Watches,1150,Clocks and Watches,2227, tactile desk alarm clock,,,,,,
762,Clocks and Watches,1150,Clocks and Watches,2208, tactile pocket watch,,,,,,
762,Clocks and Watches,1150,Clocks and Watches,2209, tactile stopwatch,,,,,,
762,Clocks and Watches,1150,Clocks and Watches,2210, tactile watch,,,,,,
762,Clocks and Watches,1150,Clocks and Watches,2224, touch activated clock,,,,,,
762,Clocks and Watches,1150,Clocks and Watches,2211, vibrating alarm watch,,,,,,
762,Clocks and Watches,1150,Clocks and Watches,2215, voice input alarm clock,,,,,,
762,Clocks and Watches,1150,Clocks and Watches,2216, voice input clock,,,,,,
762,Clocks and Watches,1150,Clocks and Watches,2217, voice output stopwatch,,,,,,
762,Clocks and Watches,1150,Clocks and Watches,2213, watch winder,,,,,,
762,Clocks and Watches,1150,Clocks and Watches,1151,Clock,,,,,,
762,Clocks and Watches,1150,Clocks and Watches,2203,calendar clocks,,,,,,
762,Clocks and Watches,1150,Clocks and Watches,2212,voice output watch,,,,,,
550,Food Measuring Aids,1260,Measuring Spoons,1261,Measuring spoons,,,,,,
550,Food Measuring Aids,1238,Kitchen scales,1239,Kitchen scale,,,,,,
550,Food Measuring Aids,1238,Kitchen scales,1484,Talking kitchen scale,,,,,,
550,Food Measuring Aids,1238,Kitchen scales,2605,tactile kitchen scale,,,,,,
550,Food Measuring Aids,1250,Margarine Measurers,1251,Margarine measurer,,,,,,
550,Food Measuring Aids,1256,Measuring Cups,1257,Measuring cup,,,,,,
550,Food Measuring Aids,1258,Measuring Jugs,1259,Measuring jug,,,,,,
550,Food Measuring Aids,1637,Measuring Scoops,1314,Cookie scoop,,,,,,
550,Food Measuring Aids,1637,Measuring Scoops,1638,Measuring  scoop,,,,,,
550,Food Measuring Aids,1637,Measuring Scoops,1313,Scoops,,,,,,
408,Nail Care Aids,1912,Nail Polish Holder,1913,Wearable Nail Polish Holder,,,,,,
408,Nail Care Aids,1842,Nail File Holders,1843,Nail File Holders,,,,,,
408,Nail Care Aids,2643,Nail Strengthening Cream,2644,Nail Strengthening Cream,,,,,,
408,Nail Care Aids,1822,Nail Scissors and Clippers,1823,Nail scissors and clippers,,,,,,
408,Nail Care Aids,1822,Nail Scissors and Clippers,2450,left hand nail scissors,,,,,,
408,Nail Care Aids,1966,Nail Brushes,2545,Nail Brushes,,,,,,
702,Hearing Aids,1826,Personal Sound Amplifier,1828,Personal Sound Amplifier,,,,,,
702,Hearing Aids,1597,Headphones,1604,TV headphones,,,,,,
702,Hearing Aids,1824,TV Listening Speaker,1825,TV Listening Speaker,,,,,,
702,Hearing Aids,1639,Noise Reduction Earmuffs,1640,Noise Reduction Earmuff,,,,,,
702,Hearing Aids,1639,Noise Reduction Earmuffs,1664,Noise reduction earmuff with audio,,,,,,
850,Containers,1142,Boxes and Jars,1143,Boxes and jars,,,,,,
426,Personal Mobility and Transportation,1140,Crutches,1141,Auxiliary crutches,,,,,,
426,Personal Mobility and Transportation,1140,Crutches,1785,Elbow Crutches,,,,,,
426,Personal Mobility and Transportation,1202,Forearm Crutches,1203,Forearm crutches,,,,,,
566,Storing and Serving Food Equipment,1299,Kettles,1300,Casserole pot,,,,,,
566,Storing and Serving Food Equipment,1299,Kettles,1495,Insulated teapot,,,,,,
566,Storing and Serving Food Equipment,1299,Kettles,1301,Kettle,,,,,,
566,Storing and Serving Food Equipment,1299,Kettles,1496,Large dispenser,,,,,,
566,Storing and Serving Food Equipment,1299,Kettles,1302,Pots and kettles,,,,,,
566,Storing and Serving Food Equipment,1299,Kettles,1494,Two handled teapot,,,,,,
566,Storing and Serving Food Equipment,1254,"Boxes, Trays and Meal Delivery Systems",1255,Meal delivery systems,,,,,,
566,Storing and Serving Food Equipment,1254,"Boxes, Trays and Meal Delivery Systems",2560,Partitioned trays,,,,,,
566,Storing and Serving Food Equipment,1254,"Boxes, Trays and Meal Delivery Systems",1487,Silicone Squeeze Bottle,,,,,,
566,Storing and Serving Food Equipment,1989,Cake/Pie Server,2202,Cake/Pie Server,,,,,,
566,Storing and Serving Food Equipment,1344,Spice boxes,1345,Spices carrousel,,,,,,
566,Storing and Serving Food Equipment,1988,Pouring Aids,1236,Kettle Tippers,,,,,,
566,Storing and Serving Food Equipment,1988,Pouring Aids,2029,Pouring Aids,,,,,,
566,Storing and Serving Food Equipment,1234,Jugs,1235,Jugs,,,,,,
